toss_win,5_total_runs,10_total_runs,15_total_runs,20_total_runs,20_player_dismissed,inn1_avg,roll_win
0,34.0,66.0,110.0,142.0,5.0,170.57534246575344,1.0
0,31.0,75.0,120.0,176.0,4.0,167.87671232876713,0.0
0,50.0,79.0,117.0,161.0,8.0,170.57534246575344,0.0
1,50.0,83.0,110.0,168.0,7.0,164.4179104477612,2.0
0,25.0,54.0,108.0,159.0,6.0,156.58928571428572,1.0
0,36.0,92.0,153.0,213.0,2.0,168.9,0.0
1,31.0,80.0,135.0,191.0,4.0,156.58928571428572,1.0
0,57.0,96.0,141.0,187.0,5.0,161.62337662337663,1.0
0,34.0,65.0,113.0,176.0,3.0,170.95238095238096,2.0
0,36.0,88.0,135.0,188.0,7.0,168.9,0.0
0,56.0,87.0,107.0,131.0,10.0,161.62337662337663,1.0
0,37.0,84.0,120.0,160.0,6.0,167.87671232876713,1.0
0,42.0,83.0,129.0,182.0,5.0,170.95238095238096,2.0
0,23.0,61.0,107.0,134.0,10.0,170.57534246575344,1.0
0,48.0,78.0,131.0,160.0,6.0,161.62337662337663,1.0
0,50.0,107.0,155.0,207.0,3.0,169.71428571428572,1.0
0,31.0,67.0,111.0,157.0,3.0,170.95238095238096,1.0
1,47.0,70.0,100.0,153.0,9.0,168.9,0.0
0,67.0,123.0,154.0,209.0,3.0,156.58928571428572,1.0
1,40.0,80.0,115.0,162.0,8.0,167.87671232876713,1.0
0,46.0,94.0,135.0,161.0,10.0,170.95238095238096,0.0
0,49.0,83.0,114.0,185.0,3.0,164.4179104477612,2.0
0,27.0,59.0,110.0,155.0,8.0,161.62337662337663,1.0
0,46.0,93.0,164.0,208.0,7.0,164.4179104477612,0.0
0,29.0,55.0,84.0,138.0,7.0,170.57534246575344,1.0
0,24.0,51.0,100.0,148.0,8.0,156.58928571428572,1.0
0,41.0,84.0,148.0,212.0,3.0,164.4179104477612,1.0
0,34.0,63.0,105.0,158.0,6.0,170.57534246575344,0.0
0,29.0,81.0,123.0,189.0,3.0,169.71428571428572,2.0
1,29.0,59.0,99.0,138.0,7.0,156.58928571428572,2.0
0,39.0,63.0,115.0,167.0,6.0,169.71428571428572,1.0
0,39.0,91.0,134.0,195.0,5.0,161.25,0.0
0,60.0,126.0,173.0,230.0,3.0,167.87671232876713,1.0
1,40.0,85.0,123.0,168.0,8.0,164.4179104477612,0.0
0,48.0,105.0,126.0,154.0,10.0,161.25,0.0
0,39.0,79.0,118.0,173.0,5.0,161.62337662337663,1.0
1,30.0,66.0,107.0,161.0,6.0,164.4179104477612,0.0
0,31.0,63.0,104.0,162.0,4.0,167.87671232876713,2.0
0,27.0,61.0,98.0,128.0,7.0,170.57534246575344,1.0
1,16.0,56.0,81.0,129.0,8.0,156.58928571428572,1.0
0,60.0,87.0,154.0,222.0,3.0,170.57534246575344,1.0
1,41.0,74.0,105.0,165.0,7.0,167.87671232876713,2.0
1,38.0,82.0,115.0,166.0,8.0,159.87234042553192,2.0
0,43.0,94.0,138.0,182.0,10.0,163.28571428571428,1.0
0,42.0,77.0,95.0,135.0,8.0,170.57534246575344,1.0
1,50.0,72.0,104.0,147.0,9.0,166.85714285714286,1.0
0,22.0,54.0,99.0,154.0,7.0,146.64705882352942,1.0
1,40.0,69.0,107.0,158.0,8.0,163.28571428571428,1.0
1,25.0,65.0,102.0,178.0,5.0,170.57534246575344,2.0
1,38.0,60.0,87.0,137.0,8.0,161.62337662337663,1.0
0,53.0,91.0,151.0,191.0,5.0,164.4179104477612,1.0
0,38.0,76.0,111.0,164.0,8.0,156.58928571428572,0.0
1,37.0,82.0,126.0,169.0,6.0,166.85714285714286,2.0
1,34.0,81.0,123.0,165.0,10.0,156.58928571428572,0.0
1,44.0,85.0,119.0,178.0,6.0,163.28571428571428,1.0
0,35.0,74.0,112.0,162.0,8.0,146.64705882352942,0.0
0,19.0,51.0,97.0,126.0,10.0,170.57534246575344,1.0
0,31.0,66.0,86.0,144.0,7.0,166.85714285714286,1.0
0,45.0,83.0,133.0,187.0,5.0,164.4179104477612,1.0
0,41.0,74.0,103.0,140.0,8.0,159.87234042553192,0.0
0,38.0,85.0,144.0,181.0,4.0,166.85714285714286,0.0
1,33.0,73.0,118.0,204.0,4.0,156.58928571428572,0.0
0,39.0,68.0,96.0,156.0,7.0,159.87234042553192,1.0
1,36.0,74.0,102.0,143.0,8.0,163.28571428571428,0.0
1,28.0,69.0,95.0,133.0,6.0,161.62337662337663,1.0
0,23.0,57.0,89.0,156.0,6.0,167.87671232876713,1.0
0,41.0,88.0,144.0,221.0,3.0,163.28571428571428,2.0
0,40.0,76.0,138.0,194.0,4.0,164.4179104477612,0.0
0,43.0,94.0,143.0,197.0,1.0,159.87234042553192,1.0
0,48.0,78.0,114.0,178.0,7.0,156.58928571428572,1.0
1,28.0,61.0,101.0,149.0,5.0,161.62337662337663,2.0
0,35.0,70.0,102.0,154.0,7.0,170.57534246575344,0.0
0,24.0,59.0,102.0,147.0,8.0,161.62337662337663,1.0
0,30.0,84.0,134.0,189.0,4.0,167.87671232876713,2.0
1,22.0,41.0,76.0,126.0,8.0,166.85714285714286,0.0
0,39.0,70.0,111.0,175.0,4.0,163.28571428571428,0.0
0,43.0,81.0,123.0,176.0,8.0,164.4179104477612,2.0
1,52.0,107.0,167.0,211.0,5.0,166.85714285714286,2.0
0,39.0,80.0,114.0,156.0,8.0,170.57534246575344,1.0
1,37.0,82.0,133.0,174.0,6.0,161.62337662337663,2.0
0,28.0,60.0,97.0,145.0,7.0,159.87234042553192,1.0
1,18.0,57.0,93.0,147.0,8.0,156.58928571428572,0.0
0,43.0,83.0,142.0,192.0,9.0,167.87671232876713,2.0
1,30.0,45.0,68.0,112.0,8.0,167.87671232876713,1.0
0,39.0,75.0,117.0,163.0,5.0,146.64705882352942,1.0
0,35.0,64.0,105.0,165.0,7.0,139.42857142857142,0.0
1,17.0,57.0,87.0,133.0,8.0,139.42857142857142,2.0
1,15.0,31.0,64.0,101.0,10.0,139.42857142857142,0.0
1,56.0,106.0,135.0,179.0,5.0,159.0,0.0
0,36.0,67.0,117.0,158.0,6.0,152.0,0.0
1,49.0,91.0,139.0,184.0,6.0,139.42857142857142,0.0
1,46.0,90.0,123.0,189.0,5.0,152.0,1.0
0,40.0,78.0,107.0,150.0,6.0,139.42857142857142,2.0
1,47.0,71.0,118.0,168.0,9.0,152.0,2.0
1,44.0,88.0,137.0,168.0,9.0,152.0,1.0
1,35.0,74.0,100.0,149.0,7.0,159.0,1.0
1,28.0,60.0,98.0,139.0,6.0,139.42857142857142,0.0
0,55.0,88.0,113.0,165.0,6.0,152.0,1.0
1,45.0,111.0,151.0,187.0,6.0,159.0,1.0
1,36.0,66.0,101.0,143.0,7.0,154.83333333333334,2.0
1,44.0,61.0,94.0,139.0,6.0,152.0,0.0
1,23.0,50.0,86.0,119.0,8.0,152.0,1.0
0,30.0,55.0,118.0,148.0,9.0,154.83333333333334,2.0
0,26.0,81.0,104.0,164.0,5.0,154.83333333333334,1.0
1,31.0,61.0,88.0,148.0,6.0,147.33333333333334,2.0
1,27.0,62.0,100.0,145.0,9.0,152.0,0.0
1,35.0,58.0,102.0,141.0,5.0,159.0,1.0
0,36.0,77.0,130.0,163.0,10.0,144.0,1.0
1,23.0,52.0,92.0,153.0,3.0,159.0,0.0
1,23.0,53.0,86.0,149.0,4.0,144.0,2.0
1,45.0,84.0,130.0,178.0,3.0,147.33333333333334,2.0
0,44.0,93.0,136.0,211.0,4.0,152.0,2.0
1,48.0,69.0,103.0,154.0,3.0,152.0,0.0
1,36.0,63.0,99.0,145.0,6.0,154.83333333333334,0.0
0,23.0,49.0,76.0,105.0,10.0,154.83333333333334,1.0
1,25.0,43.0,74.0,116.0,10.0,147.33333333333334,1.0
0,44.0,72.0,100.0,168.0,5.0,158.0,1.0
1,25.0,61.0,99.0,140.0,7.0,158.0,2.0
1,42.0,67.0,104.0,157.0,2.0,159.0,0.0
0,25.0,52.0,77.0,123.0,8.0,144.0,0.0
1,32.0,77.0,108.0,166.0,7.0,158.0,1.0
0,27.0,69.0,102.0,173.0,4.0,154.83333333333334,0.0
1,43.0,70.0,92.0,119.0,9.0,154.83333333333334,2.0
0,32.0,81.0,109.0,173.0,7.0,152.0,1.0
1,43.0,72.0,105.0,129.0,10.0,152.0,2.0
1,39.0,66.0,123.0,145.0,7.0,152.0,1.0
0,27.0,52.0,97.0,120.0,9.0,135.0,1.0
1,34.0,70.0,96.0,147.0,5.0,159.0,1.0
0,29.0,50.0,89.0,160.0,5.0,144.0,0.0
0,33.0,55.0,94.0,134.0,7.0,144.0,1.0
1,26.0,60.0,95.0,150.0,3.0,135.0,1.0
1,42.0,83.0,123.0,188.0,3.0,154.83333333333334,1.0
1,28.0,63.0,89.0,134.0,7.0,144.0,1.0
0,38.0,61.0,79.0,101.0,9.0,152.0,1.0
1,44.0,70.0,96.0,116.0,9.0,152.0,0.0
0,28.0,72.0,109.0,165.0,8.0,154.83333333333334,1.0
1,31.0,64.0,116.0,170.0,4.0,154.83333333333334,1.0
0,41.0,83.0,109.0,153.0,8.0,154.83333333333334,1.0
0,46.0,74.0,107.0,146.0,5.0,144.0,1.0
0,23.0,62.0,101.0,143.0,6.0,144.0,1.0
0,31.0,57.0,92.0,161.0,4.0,146.64705882352942,0.0
1,52.0,101.0,159.0,212.0,7.0,180.36363636363637,0.0
0,39.0,76.0,113.0,142.0,9.0,163.28571428571428,1.0
0,18.0,57.0,89.0,135.0,7.0,161.62337662337663,1.0
1,55.0,80.0,127.0,190.0,4.0,166.85714285714286,2.0
0,45.0,57.0,91.0,141.0,6.0,163.16666666666666,1.0
1,35.0,87.0,133.0,203.0,3.0,170.57534246575344,1.0
1,22.0,59.0,96.0,164.0,3.0,161.62337662337663,1.0
0,56.0,112.0,165.0,218.0,7.0,164.4179104477612,1.0
0,27.0,45.0,78.0,92.0,10.0,170.57534246575344,0.0
1,50.0,89.0,139.0,185.0,6.0,164.4179104477612,0.0
0,53.0,100.0,125.0,170.0,8.0,167.71428571428572,2.0
1,42.0,92.0,124.0,168.0,7.0,163.16666666666666,0.0
1,37.0,74.0,102.0,151.0,9.0,180.36363636363637,2.0
1,44.0,77.0,115.0,171.0,6.0,167.71428571428572,2.0
0,30.0,59.0,98.0,136.0,8.0,166.85714285714286,0.0
1,34.0,67.0,102.0,155.0,3.0,180.36363636363637,1.0
0,29.0,67.0,104.0,171.0,5.0,170.57534246575344,1.0
0,49.0,87.0,133.0,183.0,5.0,163.28571428571428,1.0
0,38.0,85.0,126.0,180.0,2.0,180.36363636363637,1.0
1,42.0,79.0,108.0,148.0,9.0,163.16666666666666,2.0
1,45.0,75.0,126.0,183.0,5.0,163.28571428571428,1.0
0,58.0,95.0,128.0,183.0,4.0,170.57534246575344,0.0
1,49.0,96.0,129.0,177.0,8.0,163.16666666666666,2.0
0,42.0,78.0,100.0,172.0,7.0,146.64705882352942,1.0
1,56.0,91.0,135.0,177.0,4.0,164.4179104477612,1.0
0,41.0,85.0,118.0,163.0,10.0,180.36363636363637,1.0
1,33.0,80.0,117.0,161.0,4.0,166.85714285714286,1.0
1,45.0,79.0,120.0,188.0,6.0,164.4179104477612,2.0
1,40.0,80.0,116.0,181.0,6.0,161.62337662337663,1.0
1,36.0,74.0,119.0,181.0,5.0,163.28571428571428,1.0
1,50.0,91.0,170.0,246.0,5.0,166.85714285714286,1.0
1,47.0,70.0,114.0,178.0,5.0,180.36363636363637,1.0
1,46.0,69.0,149.0,200.0,3.0,161.62337662337663,2.0
1,48.0,89.0,125.0,184.0,5.0,164.4179104477612,2.0
1,37.0,82.0,128.0,159.0,10.0,149.33333333333334,2.0
1,35.0,85.0,124.0,165.0,4.0,166.85714285714286,1.0
1,42.0,86.0,126.0,153.0,6.0,159.87234042553192,0.0
1,41.0,88.0,126.0,181.0,3.0,161.62337662337663,1.0
0,39.0,68.0,107.0,184.0,6.0,170.57534246575344,1.0
1,45.0,74.0,109.0,154.0,9.0,163.28571428571428,2.0
1,41.0,74.0,110.0,138.0,8.0,149.33333333333334,2.0
0,51.0,83.0,124.0,160.0,9.0,170.57534246575344,1.0
1,44.0,63.0,81.0,111.0,10.0,164.4179104477612,2.0
0,41.0,73.0,106.0,174.0,5.0,159.87234042553192,1.0
0,28.0,71.0,111.0,151.0,6.0,149.33333333333334,1.0
1,40.0,66.0,108.0,183.0,4.0,180.36363636363637,1.0
1,21.0,51.0,93.0,139.0,8.0,166.85714285714286,1.0
1,24.0,53.0,87.0,130.0,6.0,159.87234042553192,2.0
1,34.0,55.0,74.0,112.0,9.0,166.85714285714286,1.0
0,34.0,72.0,98.0,174.0,3.0,175.66666666666666,0.0
0,29.0,75.0,138.0,191.0,4.0,170.57534246575344,2.0
1,32.0,73.0,101.0,132.0,9.0,161.62337662337663,1.0
0,43.0,86.0,131.0,192.0,3.0,175.66666666666666,0.0
1,34.0,79.0,117.0,145.0,7.0,164.4179104477612,1.0
1,29.0,69.0,86.0,133.0,8.0,161.62337662337663,2.0
1,39.0,81.0,107.0,184.0,5.0,146.64705882352942,1.0
1,31.0,62.0,96.0,142.0,7.0,146.64705882352942,0.0
1,29.0,58.0,108.0,168.0,5.0,146.64705882352942,1.0
1,32.0,78.0,107.0,153.0,4.0,166.85714285714286,2.0
0,40.0,69.0,90.0,137.0,8.0,156.58928571428572,2.0
1,26.0,46.0,68.0,112.0,8.0,146.64705882352942,0.0
1,34.0,65.0,118.0,163.0,4.0,161.62337662337663,0.0
1,30.0,43.0,89.0,151.0,6.0,159.87234042553192,1.0
0,20.0,50.0,91.0,140.0,4.0,170.57534246575344,0.0
0,27.0,67.0,126.0,188.0,4.0,163.28571428571428,2.0
0,34.0,73.0,114.0,175.0,5.0,156.58928571428572,1.0
0,29.0,67.0,102.0,159.0,4.0,159.87234042553192,0.0
0,35.0,71.0,125.0,182.0,2.0,167.87671232876713,1.0
1,33.0,80.0,126.0,183.0,5.0,166.85714285714286,1.0
0,38.0,81.0,113.0,165.0,8.0,156.58928571428572,1.0
1,36.0,90.0,129.0,168.0,4.0,164.4179104477612,1.0
0,38.0,55.0,100.0,132.0,7.0,161.62337662337663,0.0
0,73.0,106.0,169.0,195.0,7.0,163.28571428571428,0.0
0,31.0,67.0,107.0,164.0,4.0,167.87671232876713,1.0
0,44.0,76.0,114.0,171.0,5.0,161.62337662337663,1.0
0,52.0,115.0,173.0,231.0,4.0,164.4179104477612,0.0
0,47.0,72.0,102.0,172.0,4.0,156.58928571428572,1.0
0,29.0,54.0,88.0,109.0,10.0,159.87234042553192,1.0
0,35.0,66.0,99.0,142.0,6.0,166.85714285714286,1.0
0,34.0,69.0,115.0,160.0,6.0,164.4179104477612,1.0
0,19.0,37.0,90.0,129.0,7.0,146.8,1.0
0,34.0,64.0,105.0,148.0,7.0,164.4179104477612,1.0
0,29.0,50.0,67.0,94.0,8.0,159.87234042553192,2.0
0,40.0,78.0,118.0,181.0,5.0,170.57534246575344,0.0
1,31.0,46.0,94.0,157.0,7.0,146.8,1.0
0,35.0,55.0,86.0,119.0,6.0,161.62337662337663,1.0
0,37.0,77.0,102.0,143.0,7.0,159.87234042553192,0.0
1,26.0,58.0,96.0,165.0,5.0,166.85714285714286,2.0
0,24.0,67.0,114.0,159.0,5.0,167.87671232876713,1.0
0,38.0,62.0,98.0,140.0,6.0,164.4179104477612,1.0
0,35.0,73.0,110.0,169.0,4.0,156.58928571428572,1.0
1,36.0,86.0,113.0,147.0,6.0,166.85714285714286,0.0
0,35.0,65.0,97.0,160.0,7.0,146.64705882352942,1.0
0,30.0,69.0,98.0,156.0,5.0,146.8,1.0
0,30.0,67.0,125.0,175.0,5.0,156.58928571428572,2.0
0,47.0,103.0,155.0,205.0,6.0,170.57534246575344,1.0
1,12.0,40.0,77.0,114.0,4.0,161.62337662337663,2.0
0,50.0,76.0,129.0,178.0,4.0,167.87671232876713,2.0
1,41.0,72.0,97.0,125.0,9.0,170.57534246575344,1.0
1,29.0,71.0,96.0,119.0,8.0,163.28571428571428,1.0
0,47.0,84.0,136.0,196.0,3.0,159.87234042553192,1.0
1,39.0,72.0,100.0,136.0,8.0,156.58928571428572,1.0
0,30.0,86.0,124.0,163.0,8.0,163.28571428571428,0.0
0,32.0,74.0,112.0,146.0,6.0,159.87234042553192,0.0
1,39.0,67.0,105.0,176.0,4.0,166.85714285714286,1.0
0,46.0,103.0,130.0,178.0,7.0,163.44444444444446,1.0
1,23.0,53.0,82.0,135.0,6.0,167.87671232876713,0.0
0,33.0,70.0,126.0,170.0,6.0,175.66666666666666,1.0
0,35.0,62.0,92.0,136.0,9.0,146.64705882352942,0.0
1,29.0,99.0,173.0,232.0,2.0,175.66666666666666,2.0
1,24.0,64.0,101.0,152.0,5.0,166.85714285714286,2.0
0,25.0,54.0,81.0,118.0,7.0,146.64705882352942,0.0
1,20.0,55.0,94.0,133.0,5.0,167.87671232876713,2.0
0,47.0,85.0,147.0,198.0,2.0,175.66666666666666,1.0
0,17.0,36.0,79.0,128.0,8.0,170.57534246575344,2.0
0,44.0,81.0,121.0,175.0,7.0,161.62337662337663,2.0
0,39.0,73.0,122.0,175.0,4.0,167.87671232876713,2.0
0,19.0,49.0,102.0,147.0,7.0,167.87671232876713,1.0
0,67.0,111.0,150.0,185.0,4.0,166.85714285714286,1.0
1,48.0,94.0,161.0,205.0,5.0,166.85714285714286,1.0
0,34.0,75.0,95.0,112.0,10.0,166.85714285714286,1.0
0,27.0,51.0,91.0,129.0,9.0,167.87671232876713,0.0
0,48.0,82.0,127.0,191.0,4.0,159.87234042553192,0.0
0,41.0,69.0,108.0,157.0,8.0,170.57534246575344,1.0
0,38.0,75.0,121.0,193.0,6.0,158.0,1.0
0,29.0,68.0,116.0,164.0,5.0,159.87234042553192,1.0
1,36.0,71.0,113.0,166.0,6.0,147.64705882352942,1.0
1,27.0,61.0,96.0,138.0,9.0,158.0,2.0
0,47.0,92.0,128.0,165.0,8.0,170.57534246575344,0.0
0,35.0,66.0,80.0,110.0,8.0,164.4179104477612,1.0
0,44.0,80.0,137.0,197.0,6.0,167.87671232876713,1.0
1,51.0,96.0,149.0,205.0,8.0,166.85714285714286,2.0
1,33.0,58.0,85.0,131.0,5.0,161.62337662337663,2.0
1,35.0,84.0,120.0,157.0,8.0,164.4179104477612,1.0
1,39.0,71.0,114.0,155.0,5.0,147.64705882352942,1.0
0,24.0,60.0,87.0,134.0,9.0,161.62337662337663,2.0
1,34.0,61.0,113.0,195.0,2.0,170.57534246575344,1.0
0,16.0,43.0,79.0,92.0,10.0,167.87671232876713,1.0
1,49.0,83.0,119.0,196.0,2.0,159.87234042553192,0.0
1,48.0,96.0,134.0,182.0,6.0,170.57534246575344,2.0
1,34.0,63.0,89.0,124.0,7.0,163.28571428571428,2.0
1,28.0,64.0,127.0,187.0,4.0,156.58928571428572,0.0
0,28.0,68.0,115.0,164.0,5.0,166.85714285714286,0.0
0,27.0,70.0,105.0,163.0,6.0,163.28571428571428,1.0
1,36.0,62.0,107.0,146.0,4.0,166.85714285714286,1.0
0,34.0,88.0,125.0,192.0,3.0,164.4179104477612,1.0
1,28.0,58.0,129.0,163.0,6.0,167.87671232876713,1.0
0,35.0,67.0,98.0,126.0,7.0,167.71428571428572,0.0
0,27.0,62.0,107.0,189.0,3.0,159.87234042553192,1.0
1,18.0,50.0,95.0,146.0,2.0,147.64705882352942,1.0
1,35.0,56.0,100.0,168.0,3.0,163.28571428571428,0.0
1,48.0,71.0,122.0,177.0,4.0,147.64705882352942,0.0
0,40.0,88.0,153.0,207.0,5.0,164.4179104477612,1.0
1,38.0,77.0,121.0,156.0,8.0,166.85714285714286,0.0
1,40.0,87.0,134.0,190.0,4.0,161.62337662337663,1.0
1,35.0,73.0,105.0,152.0,6.0,164.4179104477612,1.0
1,32.0,74.0,98.0,139.0,5.0,166.85714285714286,1.0
1,26.0,58.0,110.0,186.0,4.0,167.71428571428572,1.0
1,50.0,80.0,104.0,141.0,6.0,159.87234042553192,1.0
0,25.0,59.0,122.0,158.0,5.0,170.57534246575344,1.0
1,28.0,72.0,92.0,120.0,9.0,147.64705882352942,0.0
1,47.0,82.0,124.0,160.0,6.0,166.85714285714286,1.0
1,49.0,98.0,121.0,150.0,5.0,161.62337662337663,2.0
1,45.0,94.0,126.0,177.0,6.0,163.28571428571428,0.0
0,46.0,72.0,123.0,173.0,8.0,167.87671232876713,1.0
0,39.0,74.0,117.0,181.0,2.0,170.57534246575344,2.0
1,43.0,79.0,108.0,153.0,9.0,164.4179104477612,2.0
1,28.0,56.0,91.0,125.0,6.0,147.64705882352942,1.0
0,42.0,86.0,129.0,170.0,5.0,156.58928571428572,1.0
0,12.0,48.0,95.0,141.0,6.0,167.87671232876713,1.0
0,25.0,61.0,89.0,126.0,6.0,159.87234042553192,1.0
0,41.0,88.0,129.0,173.0,3.0,147.64705882352942,1.0
1,43.0,76.0,132.0,182.0,1.0,161.62337662337663,1.0
0,24.0,52.0,78.0,114.0,5.0,166.85714285714286,1.0
1,34.0,77.0,126.0,170.0,4.0,159.87234042553192,1.0
1,41.0,76.0,126.0,190.0,4.0,163.28571428571428,1.0
0,34.0,69.0,107.0,171.0,6.0,170.57534246575344,1.0
0,39.0,86.0,112.0,158.0,6.0,161.62337662337663,2.0
1,38.0,64.0,99.0,136.0,8.0,164.4179104477612,2.0
0,25.0,54.0,94.0,140.0,7.0,167.87671232876713,1.0
0,24.0,45.0,77.0,120.0,7.0,175.66666666666666,1.0
0,39.0,79.0,137.0,215.0,1.0,164.4179104477612,1.0
1,31.0,61.0,93.0,126.0,8.0,156.58928571428572,1.0
0,18.0,50.0,84.0,141.0,8.0,175.66666666666666,1.0
1,22.0,45.0,101.0,136.0,4.0,147.64705882352942,1.0
0,21.0,47.0,75.0,132.0,7.0,156.58928571428572,0.0
1,31.0,74.0,106.0,162.0,6.0,159.87234042553192,1.0
1,36.0,68.0,99.0,162.0,4.0,147.64705882352942,2.0
0,22.0,61.0,114.0,187.0,5.0,170.57534246575344,0.0
0,39.0,83.0,162.0,222.0,5.0,166.85714285714286,1.0
1,35.0,86.0,136.0,190.0,3.0,166.85714285714286,2.0
0,41.0,68.0,96.0,128.0,10.0,161.62337662337663,0.0
0,28.0,59.0,100.0,156.0,5.0,170.57534246575344,1.0
0,32.0,60.0,87.0,126.0,6.0,156.58928571428572,0.0
1,36.0,73.0,127.0,165.0,7.0,164.4179104477612,0.0
1,28.0,72.0,96.0,148.0,6.0,166.85714285714286,1.0
1,21.0,38.0,64.0,99.0,9.0,147.64705882352942,0.0
1,33.0,55.0,94.0,130.0,8.0,156.58928571428572,2.0
0,27.0,63.0,100.0,144.0,6.0,159.87234042553192,1.0
1,22.0,80.0,138.0,209.0,5.0,167.87671232876713,2.0
0,38.0,72.0,116.0,138.0,10.0,163.28571428571428,0.0
0,31.0,72.0,113.0,154.0,8.0,170.57534246575344,2.0
1,40.0,72.0,102.0,145.0,5.0,147.64705882352942,2.0
1,28.0,46.0,72.0,114.0,8.0,164.4179104477612,0.0
1,37.0,72.0,115.0,183.0,3.0,167.87671232876713,2.0
0,26.0,64.0,115.0,165.0,6.0,166.85714285714286,1.0
1,42.0,76.0,109.0,180.0,4.0,161.62337662337663,1.0
1,42.0,78.0,106.0,159.0,5.0,166.85714285714286,0.0
0,29.0,70.0,99.0,157.0,9.0,163.28571428571428,0.0
0,42.0,67.0,94.0,152.0,5.0,170.57534246575344,0.0
0,17.0,42.0,75.0,119.0,8.0,147.64705882352942,1.0
1,42.0,88.0,125.0,179.0,3.0,159.87234042553192,1.0
1,34.0,60.0,116.0,169.0,4.0,164.4179104477612,1.0
1,29.0,55.0,92.0,123.0,9.0,156.58928571428572,1.0
1,44.0,65.0,89.0,119.0,9.0,161.62337662337663,1.0
0,25.0,66.0,101.0,117.0,10.0,170.57534246575344,1.0
1,22.0,57.0,107.0,161.0,4.0,164.4179104477612,2.0
0,47.0,77.0,124.0,185.0,4.0,163.28571428571428,1.0
1,48.0,88.0,131.0,185.0,4.0,166.85714285714286,1.0
0,61.0,128.0,196.0,263.0,5.0,170.57534246575344,0.0
0,36.0,76.0,103.0,171.0,4.0,175.66666666666666,1.0
1,54.0,81.0,112.0,159.0,6.0,161.62337662337663,1.0
1,37.0,62.0,96.0,159.0,6.0,166.85714285714286,2.0
1,33.0,72.0,111.0,149.0,6.0,161.62337662337663,1.0
1,19.0,64.0,92.0,144.0,9.0,159.87234042553192,1.0
1,38.0,97.0,143.0,194.0,7.0,167.87671232876713,1.0
0,49.0,103.0,151.0,200.0,3.0,166.85714285714286,1.0
0,24.0,68.0,101.0,164.0,5.0,146.33333333333334,0.0
0,49.0,75.0,116.0,171.0,6.0,159.87234042553192,1.0
1,28.0,59.0,102.0,174.0,3.0,167.87671232876713,1.0
1,26.0,55.0,102.0,164.0,3.0,147.64705882352942,2.0
1,32.0,60.0,89.0,129.0,4.0,156.58928571428572,2.0
1,29.0,50.0,83.0,136.0,7.0,146.33333333333334,0.0
1,32.0,69.0,116.0,186.0,4.0,166.85714285714286,2.0
1,23.0,75.0,119.0,187.0,3.0,147.64705882352942,1.0
1,28.0,71.0,102.0,132.0,6.0,161.62337662337663,0.0
1,23.0,43.0,70.0,80.0,10.0,156.58928571428572,1.0
0,26.0,52.0,111.0,174.0,5.0,170.57534246575344,1.0
1,21.0,47.0,82.0,139.0,5.0,167.87671232876713,1.0
1,50.0,92.0,125.0,178.0,4.0,159.87234042553192,1.0
1,32.0,62.0,98.0,161.0,6.0,170.57534246575344,0.0
1,41.0,55.0,101.0,154.0,4.0,159.87234042553192,1.0
1,38.0,69.0,106.0,170.0,6.0,167.87671232876713,1.0
0,44.0,91.0,136.0,223.0,3.0,156.58928571428572,2.0
0,28.0,74.0,107.0,145.0,6.0,163.28571428571428,1.0
1,44.0,66.0,96.0,152.0,6.0,147.64705882352942,0.0
0,32.0,74.0,99.0,183.0,4.0,164.4179104477612,1.0
1,29.0,58.0,88.0,112.0,8.0,147.64705882352942,0.0
0,29.0,56.0,98.0,150.0,7.0,163.28571428571428,0.0
0,16.0,54.0,84.0,115.0,9.0,149.0,1.0
0,26.0,75.0,100.0,141.0,4.0,159.87234042553192,2.0
0,32.0,54.0,90.0,120.0,7.0,164.4179104477612,0.0
1,44.0,87.0,131.0,178.0,3.0,167.87671232876713,1.0
0,39.0,72.0,112.0,170.0,4.0,149.0,0.0
1,30.0,71.0,109.0,168.0,4.0,166.85714285714286,1.0
0,35.0,81.0,132.0,166.0,8.0,167.87671232876713,2.0
0,41.0,88.0,133.0,190.0,3.0,163.28571428571428,1.0
1,17.0,48.0,90.0,136.0,9.0,156.58928571428572,1.0
0,22.0,80.0,131.0,183.0,8.0,175.66666666666666,0.0
1,37.0,74.0,107.0,172.0,5.0,147.64705882352942,1.0
1,27.0,56.0,89.0,130.0,7.0,156.58928571428572,1.0
1,39.0,69.0,125.0,192.0,1.0,164.4179104477612,1.0
1,21.0,48.0,77.0,132.0,7.0,164.4179104477612,1.0
1,33.0,65.0,104.0,165.0,6.0,161.62337662337663,0.0
1,25.0,58.0,100.0,148.0,9.0,161.62337662337663,2.0
1,28.0,63.0,110.0,163.0,5.0,147.42857142857142,1.0
0,17.0,49.0,82.0,145.0,4.0,158.16666666666666,0.0
1,59.0,102.0,145.0,205.0,4.0,147.42857142857142,2.0
0,33.0,69.0,90.0,133.0,6.0,147.42857142857142,1.0
0,31.0,63.0,92.0,115.0,9.0,148.85714285714286,2.0
1,27.0,63.0,112.0,166.0,5.0,148.85714285714286,1.0
0,41.0,85.0,143.0,191.0,5.0,158.16666666666666,0.0
1,30.0,65.0,111.0,177.0,7.0,147.42857142857142,1.0
0,38.0,77.0,152.0,193.0,6.0,158.16666666666666,1.0
0,32.0,71.0,101.0,140.0,6.0,148.85714285714286,1.0
0,38.0,82.0,106.0,150.0,7.0,158.16666666666666,1.0
1,47.0,81.0,118.0,184.0,1.0,148.85714285714286,0.0
1,26.0,57.0,108.0,141.0,7.0,148.85714285714286,1.0
0,37.0,76.0,111.0,132.0,9.0,147.42857142857142,2.0
1,31.0,49.0,69.0,125.0,7.0,158.16666666666666,0.0
1,32.0,65.0,98.0,145.0,5.0,158.16666666666666,1.0
0,34.0,69.0,98.0,124.0,8.0,148.85714285714286,0.0
1,25.0,63.0,106.0,152.0,5.0,147.42857142857142,0.0
0,38.0,71.0,117.0,172.0,5.0,148.85714285714286,1.0
1,31.0,70.0,126.0,168.0,5.0,167.87671232876713,2.0
0,35.0,71.0,94.0,152.0,5.0,164.4179104477612,0.0
0,38.0,72.0,106.0,155.0,6.0,170.57534246575344,1.0
0,44.0,76.0,116.0,170.0,6.0,163.16666666666666,1.0
0,37.0,75.0,122.0,178.0,5.0,164.4179104477612,0.0
0,41.0,85.0,119.0,187.0,5.0,167.87671232876713,0.0
1,26.0,66.0,103.0,160.0,5.0,164.4179104477612,0.0
0,37.0,69.0,153.0,231.0,4.0,167.71428571428572,1.0
0,46.0,74.0,102.0,134.0,9.0,163.16666666666666,1.0
0,45.0,107.0,140.0,198.0,8.0,170.57534246575344,1.0
0,37.0,75.0,121.0,143.0,7.0,164.4179104477612,0.0
0,32.0,57.0,99.0,157.0,6.0,167.87671232876713,1.0
0,48.0,85.0,116.0,149.0,8.0,167.71428571428572,2.0
1,22.0,57.0,106.0,190.0,5.0,170.57534246575344,0.0
1,31.0,70.0,103.0,157.0,3.0,156.58928571428572,1.0
1,25.0,84.0,114.0,148.0,8.0,149.0,2.0
0,33.0,60.0,108.0,186.0,4.0,170.57534246575344,0.0
0,49.0,72.0,127.0,205.0,5.0,156.58928571428572,1.0
0,35.0,62.0,99.0,141.0,5.0,167.71428571428572,1.0
0,43.0,86.0,141.0,201.0,6.0,163.16666666666666,1.0
1,29.0,55.0,107.0,138.0,4.0,149.0,2.0
1,40.0,77.0,109.0,142.0,8.0,156.58928571428572,0.0
1,34.0,76.0,122.0,178.0,3.0,163.16666666666666,0.0
0,47.0,84.0,121.0,164.0,7.0,164.4179104477612,0.0
1,23.0,48.0,105.0,160.0,6.0,156.58928571428572,1.0
0,33.0,59.0,106.0,154.0,4.0,161.62337662337663,1.0
0,34.0,90.0,107.0,156.0,8.0,163.28571428571428,1.0
0,35.0,86.0,141.0,195.0,4.0,161.62337662337663,1.0
0,39.0,81.0,117.0,185.0,3.0,149.0,0.0
0,54.0,100.0,149.0,173.0,10.0,167.87671232876713,1.0
0,46.0,83.0,120.0,179.0,4.0,163.28571428571428,0.0
0,31.0,56.0,101.0,154.0,6.0,170.57534246575344,1.0
0,41.0,78.0,121.0,160.0,7.0,161.62337662337663,0.0
0,30.0,59.0,134.0,189.0,4.0,167.87671232876713,1.0
0,42.0,73.0,112.0,163.0,8.0,161.62337662337663,2.0
0,34.0,82.0,127.0,173.0,8.0,180.36363636363637,2.0
0,57.0,109.0,167.0,226.0,6.0,167.87671232876713,1.0
0,30.0,58.0,131.0,199.0,4.0,170.57534246575344,2.0
0,37.0,57.0,101.0,168.0,3.0,161.62337662337663,1.0
0,49.0,82.0,116.0,150.0,7.0,166.85714285714286,0.0
0,20.0,73.0,110.0,162.0,7.0,170.95238095238096,1.0
1,41.0,89.0,143.0,209.0,4.0,166.85714285714286,1.0
0,46.0,77.0,122.0,177.0,6.0,161.62337662337663,2.0
0,46.0,84.0,119.0,184.0,3.0,164.4179104477612,0.0
0,46.0,87.0,127.0,177.0,5.0,167.87671232876713,1.0
0,39.0,77.0,114.0,166.0,10.0,170.57534246575344,0.0
1,27.0,45.0,83.0,164.0,6.0,163.16666666666666,0.0
0,64.0,88.0,121.0,165.0,9.0,161.62337662337663,2.0
1,33.0,73.0,115.0,165.0,7.0,170.95238095238096,1.0
0,35.0,55.0,90.0,127.0,5.0,158.0,0.0
1,20.0,62.0,132.0,183.0,7.0,167.87671232876713,0.0
1,28.0,80.0,121.0,167.0,4.0,158.0,0.0
0,37.0,77.0,112.0,155.0,9.0,170.95238095238096,1.0
1,36.0,68.0,106.0,156.0,4.0,163.16666666666666,1.0
0,45.0,83.0,133.0,209.0,7.0,170.57534246575344,0.0
0,26.0,69.0,103.0,146.0,8.0,164.4179104477612,1.0
0,34.0,90.0,136.0,191.0,6.0,163.16666666666666,1.0
0,36.0,80.0,133.0,176.0,4.0,158.0,0.0
0,38.0,81.0,134.0,181.0,8.0,170.57534246575344,0.0
0,43.0,65.0,137.0,190.0,4.0,164.4179104477612,1.0
0,36.0,73.0,100.0,130.0,9.0,163.16666666666666,1.0
1,36.0,72.0,112.0,157.0,8.0,167.87671232876713,1.0
1,51.0,97.0,138.0,192.0,3.0,166.85714285714286,1.0
0,46.0,76.0,104.0,150.0,6.0,163.28571428571428,1.0
1,39.0,72.0,109.0,171.0,7.0,161.62337662337663,1.0
0,47.0,83.0,130.0,200.0,7.0,170.57534246575344,0.0
0,48.0,73.0,99.0,134.0,6.0,166.85714285714286,2.0
0,16.0,46.0,74.0,118.0,8.0,164.4179104477612,0.0
0,43.0,81.0,120.0,187.0,5.0,167.87671232876713,2.0
0,62.0,107.0,143.0,192.0,7.0,156.58928571428572,2.0
1,46.0,96.0,123.0,172.0,3.0,163.28571428571428,2.0
0,36.0,74.0,114.0,189.0,2.0,180.36363636363637,0.0
1,29.0,68.0,101.0,148.0,9.0,166.85714285714286,2.0
0,45.0,77.0,111.0,167.0,7.0,161.62337662337663,1.0
1,43.0,69.0,95.0,152.0,6.0,167.87671232876713,1.0
0,58.0,104.0,171.0,226.0,3.0,170.57534246575344,0.0
0,49.0,88.0,133.0,201.0,4.0,180.36363636363637,2.0
1,44.0,67.0,103.0,158.0,5.0,166.85714285714286,2.0
1,41.0,75.0,134.0,183.0,5.0,161.62337662337663,0.0
1,32.0,62.0,99.0,163.0,4.0,146.33333333333334,2.0
1,29.0,88.0,147.0,235.0,1.0,167.87671232876713,1.0
1,23.0,60.0,108.0,157.0,5.0,166.85714285714286,1.0
1,53.0,86.0,140.0,185.0,5.0,156.58928571428572,2.0
1,16.0,46.0,83.0,119.0,6.0,146.33333333333334,1.0
0,34.0,67.0,99.0,171.0,4.0,167.87671232876713,2.0
1,35.0,56.0,86.0,130.0,7.0,163.28571428571428,0.0
1,52.0,107.0,146.0,199.0,6.0,180.36363636363637,1.0
0,42.0,91.0,141.0,187.0,5.0,170.57534246575344,1.0
1,21.0,54.0,80.0,113.0,10.0,156.58928571428572,2.0
1,35.0,86.0,135.0,187.0,6.0,167.87671232876713,2.0
1,38.0,60.0,113.0,180.0,4.0,170.95238095238096,2.0
0,25.0,46.0,90.0,139.0,8.0,149.0,2.0
0,47.0,98.0,146.0,202.0,5.0,161.62337662337663,2.0
1,30.0,48.0,68.0,121.0,8.0,167.87671232876713,2.0
0,45.0,87.0,125.0,161.0,6.0,169.71428571428572,0.0
0,43.0,88.0,156.0,227.0,4.0,170.57534246575344,1.0
0,34.0,81.0,138.0,187.0,5.0,161.62337662337663,2.0
0,23.0,58.0,73.0,111.0,9.0,164.4179104477612,0.0
1,30.0,52.0,94.0,142.0,7.0,156.58928571428572,1.0
0,26.0,59.0,82.0,143.0,8.0,167.87671232876713,1.0
0,50.0,97.0,143.0,191.0,5.0,170.57534246575344,1.0
0,31.0,58.0,111.0,142.0,6.0,156.58928571428572,0.0
0,35.0,56.0,95.0,138.0,8.0,169.71428571428572,0.0
0,41.0,89.0,112.0,170.0,7.0,167.87671232876713,1.0
0,41.0,74.0,104.0,135.0,8.0,168.9,0.0
0,37.0,79.0,128.0,185.0,3.0,170.95238095238096,0.0
0,35.0,65.0,110.0,164.0,4.0,164.4179104477612,0.0
0,35.0,65.0,103.0,143.0,6.0,156.58928571428572,0.0
1,38.0,76.0,115.0,180.0,2.0,168.9,1.0
0,28.0,61.0,100.0,160.0,5.0,170.95238095238096,0.0
0,25.0,77.0,140.0,189.0,6.0,169.71428571428572,0.0
0,26.0,39.0,72.0,118.0,8.0,156.58928571428572,0.0
0,63.0,110.0,132.0,172.0,6.0,164.4179104477612,0.0
0,48.0,87.0,126.0,174.0,5.0,167.87671232876713,1.0
0,35.0,85.0,135.0,195.0,3.0,170.95238095238096,0.0
0,32.0,70.0,120.0,186.0,8.0,164.4179104477612,1.0
0,33.0,82.0,141.0,194.0,5.0,156.58928571428572,0.0
0,51.0,78.0,110.0,154.0,10.0,168.9,0.0
0,44.0,93.0,120.0,159.0,5.0,170.95238095238096,0.0
0,30.0,79.0,112.0,185.0,7.0,170.57534246575344,1.0
0,27.0,65.0,99.0,149.0,7.0,168.9,1.0
0,32.0,74.0,121.0,164.0,3.0,161.62337662337663,0.0
0,40.0,69.0,112.0,162.0,7.0,164.4179104477612,2.0
0,24.0,54.0,85.0,126.0,6.0,156.58928571428572,1.0
0,48.0,89.0,138.0,191.0,6.0,170.57534246575344,0.0
0,40.0,76.0,119.0,181.0,5.0,169.71428571428572,1.0
0,40.0,85.0,116.0,177.0,3.0,158.0,1.0
0,21.0,57.0,98.0,158.0,4.0,161.62337662337663,1.0
0,49.0,73.0,113.0,175.0,6.0,169.71428571428572,0.0
1,21.0,63.0,96.0,137.0,8.0,158.0,2.0
0,19.0,60.0,91.0,151.0,4.0,170.57534246575344,1.0
0,43.0,80.0,113.0,146.0,8.0,156.58928571428572,2.0
1,14.0,45.0,80.0,124.0,9.0,158.0,1.0
0,31.0,76.0,136.0,248.0,3.0,170.57534246575344,1.0
1,37.0,77.0,121.0,179.0,4.0,169.71428571428572,2.0
0,33.0,84.0,144.0,206.0,4.0,158.0,1.0
0,42.0,87.0,124.0,183.0,5.0,161.62337662337663,1.0
0,25.0,49.0,73.0,121.0,6.0,158.0,1.0
0,36.0,55.0,83.0,124.0,8.0,161.25,0.0
0,42.0,68.0,115.0,158.0,7.0,146.33333333333334,1.0
1,40.0,76.0,120.0,172.0,7.0,158.0,1.0
0,45.0,72.0,134.0,172.0,8.0,161.25,1.0
0,41.0,85.0,141.0,171.0,6.0,161.62337662337663,0.0
0,41.0,75.0,98.0,138.0,8.0,146.33333333333334,0.0
0,20.0,58.0,104.0,158.0,10.0,170.57534246575344,0.0
0,31.0,71.0,109.0,162.0,8.0,164.4179104477612,0.0
0,32.0,67.0,109.0,162.0,7.0,164.4179104477612,0.0
1,46.0,97.0,140.0,208.0,7.0,170.57534246575344,1.0
0,27.0,67.0,119.0,169.0,4.0,167.87671232876713,1.0
0,41.0,81.0,127.0,172.0,7.0,169.71428571428572,0.0
0,49.0,87.0,137.0,182.0,7.0,161.62337662337663,1.0
0,43.0,75.0,102.0,133.0,9.0,156.58928571428572,2.0
0,48.0,91.0,126.0,207.0,6.0,166.85714285714286,1.0
0,53.0,84.0,117.0,155.0,8.0,156.58928571428572,0.0
0,49.0,86.0,125.0,161.0,10.0,170.57534246575344,0.0
0,72.0,114.0,166.0,204.0,7.0,167.87671232876713,0.0
0,37.0,70.0,111.0,145.0,8.0,161.62337662337663,1.0
0,46.0,81.0,140.0,231.0,4.0,170.57534246575344,1.0
0,53.0,116.0,155.0,198.0,7.0,169.71428571428572,0.0
0,32.0,85.0,146.0,206.0,9.0,161.62337662337663,0.0
0,67.0,106.0,155.0,230.0,6.0,167.87671232876713,0.0
0,41.0,72.0,113.0,165.0,8.0,159.87234042553192,1.0
1,42.0,88.0,149.0,201.0,3.0,169.71428571428572,1.0
0,54.0,108.0,165.0,210.0,5.0,170.95238095238096,1.0
0,44.0,89.0,150.0,200.0,7.0,161.62337662337663,1.0
0,25.0,61.0,108.0,186.0,5.0,170.57534246575344,0.0
0,22.0,57.0,124.0,186.0,3.0,156.58928571428572,1.0
1,36.0,95.0,139.0,172.0,7.0,159.87234042553192,1.0
0,44.0,69.0,101.0,157.0,8.0,164.4179104477612,2.0
0,35.0,87.0,143.0,213.0,8.0,170.57534246575344,1.0
0,28.0,62.0,104.0,140.0,6.0,156.58928571428572,2.0
0,51.0,84.0,141.0,223.0,4.0,164.4179104477612,0.0
0,39.0,94.0,120.0,176.0,5.0,170.95238095238096,2.0
1,33.0,70.0,120.0,152.0,7.0,159.87234042553192,2.0
0,38.0,80.0,116.0,185.0,4.0,170.57534246575344,0.0
0,46.0,98.0,143.0,218.0,4.0,170.95238095238096,1.0
0,39.0,86.0,127.0,173.0,7.0,170.57534246575344,0.0
0,48.0,91.0,122.0,184.0,5.0,161.62337662337663,1.0
0,38.0,86.0,131.0,184.0,6.0,163.44444444444446,2.0
0,40.0,71.0,92.0,131.0,9.0,170.95238095238096,1.0
1,41.0,96.0,126.0,166.0,5.0,156.58928571428572,1.0
0,42.0,97.0,134.0,187.0,4.0,167.87671232876713,1.0
0,47.0,87.0,118.0,160.0,9.0,163.44444444444446,1.0
0,39.0,64.0,112.0,155.0,10.0,156.58928571428572,2.0
1,53.0,83.0,122.0,161.0,8.0,159.87234042553192,0.0
0,37.0,74.0,149.0,217.0,6.0,161.62337662337663,1.0
1,24.0,53.0,113.0,190.0,5.0,164.4179104477612,1.0
1,52.0,96.0,137.0,188.0,4.0,159.87234042553192,1.0
0,47.0,108.0,171.0,250.0,6.0,163.44444444444446,1.0
0,42.0,82.0,125.0,188.0,4.0,164.4179104477612,0.0
0,24.0,69.0,139.0,192.0,4.0,170.95238095238096,2.0
0,43.0,89.0,129.0,177.0,6.0,167.87671232876713,2.0
0,60.0,82.0,157.0,197.0,8.0,167.87671232876713,1.0
0,39.0,84.0,151.0,222.0,6.0,170.57534246575344,1.0
0,37.0,83.0,109.0,171.0,5.0,164.4179104477612,0.0
1,40.0,82.0,122.0,174.0,5.0,159.87234042553192,1.0
1,58.0,100.0,149.0,183.0,9.0,156.58928571428572,1.0
1,42.0,86.0,124.0,186.0,4.0,164.4179104477612,1.0
0,26.0,78.0,110.0,164.0,10.0,170.95238095238096,1.0
0,41.0,65.0,92.0,148.0,7.0,167.87671232876713,0.0
0,39.0,70.0,122.0,179.0,7.0,161.62337662337663,1.0
0,42.0,81.0,116.0,179.0,7.0,161.62337662337663,0.0
0,32.0,77.0,131.0,186.0,6.0,167.87671232876713,1.0
0,47.0,96.0,140.0,189.0,3.0,161.62337662337663,1.0
0,34.0,76.0,133.0,200.0,4.0,159.87234042553192,0.0
0,45.0,90.0,151.0,223.0,4.0,161.62337662337663,2.0
0,43.0,86.0,145.0,197.0,8.0,169.0,1.0
1,32.0,77.0,125.0,203.0,2.0,178.625,2.0
0,54.0,95.0,138.0,187.0,7.0,178.28571428571428,2.0
0,31.0,65.0,124.0,193.0,8.0,162.85714285714286,2.0
0,51.0,105.0,165.0,233.0,2.0,178.625,0.0
0,27.0,57.0,101.0,182.0,5.0,149.375,0.0
0,44.0,92.0,137.0,175.0,9.0,178.28571428571428,1.0
0,46.0,77.0,112.0,164.0,4.0,159.87234042553192,1.0
0,41.0,59.0,95.0,176.0,5.0,167.87671232876713,1.0
0,28.0,58.0,89.0,134.0,8.0,162.85714285714286,1.0
0,49.0,79.0,144.0,210.0,3.0,169.0,1.0
1,48.0,73.0,111.0,165.0,3.0,149.375,1.0
0,28.0,52.0,78.0,142.0,7.0,178.625,1.0
0,38.0,66.0,112.0,154.0,8.0,169.0,0.0
0,25.0,58.0,109.0,150.0,3.0,159.87234042553192,1.0
0,33.0,58.0,100.0,158.0,4.0,178.28571428571428,1.0
0,28.0,51.0,79.0,114.0,9.0,149.375,1.0
0,43.0,96.0,135.0,204.0,4.0,167.87671232876713,2.0
0,59.0,80.0,110.0,158.0,7.0,159.87234042553192,0.0
0,41.0,74.0,127.0,183.0,7.0,161.62337662337663,0.0
0,53.0,92.0,126.0,191.0,5.0,167.87671232876713,2.0
0,36.0,93.0,126.0,180.0,4.0,178.28571428571428,1.0
0,42.0,82.0,141.0,170.0,8.0,161.62337662337663,0.0
0,41.0,89.0,126.0,164.0,7.0,178.625,0.0
0,44.0,75.0,125.0,179.0,7.0,167.87671232876713,0.0
0,34.0,79.0,141.0,190.0,6.0,178.28571428571428,0.0
1,28.0,83.0,106.0,139.0,5.0,178.625,2.0
1,42.0,77.0,106.0,174.0,5.0,162.85714285714286,1.0
0,32.0,72.0,125.0,219.0,4.0,161.62337662337663,0.0
0,38.0,88.0,120.0,171.0,5.0,159.87234042553192,1.0
0,46.0,92.0,118.0,168.0,7.0,162.85714285714286,1.0
0,54.0,82.0,120.0,164.0,8.0,178.625,0.0
0,34.0,75.0,119.0,165.0,7.0,169.0,1.0
0,38.0,96.0,154.0,196.0,6.0,159.87234042553192,0.0
0,45.0,93.0,137.0,179.0,3.0,149.375,1.0
0,57.0,89.0,128.0,213.0,4.0,169.0,2.0
0,36.0,55.0,108.0,185.0,6.0,161.62337662337663,0.0
0,42.0,87.0,108.0,159.0,4.0,149.375,1.0
0,43.0,88.0,124.0,169.0,8.0,159.87234042553192,0.0
1,54.0,90.0,129.0,193.0,5.0,162.85714285714286,1.0
0,39.0,97.0,161.0,241.0,2.0,161.62337662337663,0.0
0,78.0,118.0,174.0,232.0,6.0,178.625,0.0
0,18.0,54.0,106.0,186.0,4.0,149.375,1.0
1,37.0,81.0,120.0,170.0,5.0,167.87671232876713,1.0
0,28.0,85.0,126.0,186.0,6.0,178.28571428571428,1.0
1,27.0,56.0,71.0,124.0,9.0,162.85714285714286,0.0
0,52.0,72.0,124.0,179.0,7.0,169.0,1.0
0,38.0,81.0,126.0,172.0,5.0,178.28571428571428,1.0
0,39.0,64.0,103.0,143.0,7.0,167.87671232876713,1.0
1,24.0,51.0,94.0,136.0,4.0,149.375,1.0
0,44.0,75.0,109.0,171.0,7.0,163.0,1.0
0,37.0,70.0,100.0,155.0,9.0,163.0,2.0
1,46.0,73.0,105.0,152.0,8.0,178.625,2.0
